{"binance": {"final": 1155.8977400786848, "weekly": {"2025-W28": {"start": 1000.0, "end": 1063.06909703468, "pnl": 63.06909703467998}, "2025-W29": {"start": 1063.06909703468, "end": 1023.0233187010297, "pnl": -40.04577833365036}, "2025-W31": {"start": 1023.0233187010297, "end": 1013.2429307254387, "pnl": -9.780387975591005}, "2025-W32": {"start": 1013.2429307254387, "end": 1046.0981861815394, "pnl": 32.855255456100736}, "2025-W33": {"start": 1046.0981861815394, "end": 972.4107420293096, "pnl": -73.68744415222974}, "2025-W34": {"start": 972.4107420293096, "end": 939.2885870849186, "pnl": -33.12215494439103}, "2025-W35": {"start": 939.2885870849186, "end": 904.3310371974216, "pnl": -34.95754988749704}, "2025-W36": {"start": 904.3310371974216, "end": 989.6803549626899, "pnl": 85.34931776526835}, "2025-W37": {"start": 989.6803549626899, "end": 880.2769302719284, "pnl": -109.40342469076147}, "2025-W38": {"start": 880.2769302719284, "end": 859.0249521773044, "pnl": -21.251978094624008}, "2025-W40": {"start": 859.0249521773044, "end": 844.544485160333, "pnl": -14.480467016971337}, "2025-W41": {"start": 844.544485160333, "end": 801.9372158839942, "pnl": -42.607269276338805}, "2025-W42": {"start": 801.9372158839942, "end": 740.3781782565505, "pnl": -61.55903762744361}, "2025-W43": {"start": 740.3781782565505, "end": 840.5136613837675, "pnl": 100.13548312721704}, "2025-W45": {"start": 840.5136613837675, "end": 1189.9105165258409, "pnl": 349.3968551420736}, "2025-W48": {"start": 1189.9105165258409, "end": 1056.7941067849042, "pnl": -133.11640974093655}, "2025-W49": {"start": 1056.7941067849042, "end": 1184.942292908884, "pnl": 128.14818612397977}, "2025-W50": {"start": 1184.942292908884, "end": 1186.2633779897376, "pnl": 1.3210850808536563}, "2025-W51": {"start": 1186.2633779897376, "end": 1066.919256870236, "pnl": -119.34412111950147}, "2025-W52": {"start": 1066.919256870236, "end": 981.3888928375601, "pnl": -85.53036403267589}, "2026-W01": {"start": 981.3888928375601, "end": 963.0729483546799, "pnl": -18.31594448288028}, "2026-W02": {"start": 963.0729483546799, "end": 976.6327421044512, "pnl": 13.55979374977137}, "2026-W04": {"start": 976.6327421044512, "end": 1074.0801129081551, "pnl": 97.4473708037039}, "2026-W07": {"start": 1074.0801129081551, "end": 1125.1474533890516, "pnl": 51.067340480896505}, "2026-W08": {"start": 1125.1474533890516, "end": 1213.7087334462462, "pnl": 88.56128005719441}, "2026-W09": {"start": 1213.7087334462462, "end": 1160.4853737664819, "pnl": -53.22335967976437}, "2026-W11": {"start": 1160.4853737664819, "end": 1291.5439305459422, "pnl": 131.0585567794604}, "2026-W12": {"start": 1291.5439305459422, "end": 1444.9562635831733, "pnl": 153.4123330372309}, "2026-W13": {"start": 1444.9562635831733, "end": 1371.1924508476739, "pnl": -73.76381273549954}, "2026-W14": {"start": 1371.1924508476739, "end": 1278.4041255614293, "pnl": -92.78832528624457}, "2026-W15": {"start": 1278.4041255614293, "end": 1353.0322358244243, "pnl": 74.62811026299498}, "2026-W16": {"start": 1353.0322358244243, "end": 1261.1685007825033, "pnl": -91.86373504192093}, "2026-W17": {"start": 1261.1685007825033, "end": 1189.2051718460054, "pnl": -71.96332893649794}, "2026-W19": {"start": 1189.2051718460054, "end": 1155.8977400786848, "pnl": -33.30743176732064}}}, "prop": {"payouts": 3441.0209656218535, "blowup": true, "weekly": {"2025-W28": {"payouts": 0, "end_eq": 102978.74654925804}, "2025-W29": {"payouts": 0, "end_eq": 101415.38971571022}, "2025-W31": {"payouts": 0, "end_eq": 101282.9284191788}, "2025-W32": {"payouts": 3441.0209656218535, "end_eq": 98479.13605693432}, "2025-W33": {"payouts": 0, "end_eq": 93914.31465269417}, "2025-W34": {"payouts": 0, "end_eq": 92486.73989605435}, "2025-W35": {"payouts": 0, "end_eq": 89561.84129041038}, "2025-W36": {"payouts": 0, "end_eq": 89561.84129041038}}}}